website|assets|registry
website|bachelorprojekt|features
website|bachelorprojekt|pipeline
website|bachelorprojekt|requirements
website|bachelorprojekt|test_results
website|bugs|bug_tickets
website|coaching|books
website|coaching|drafts
website|coaching|ki_config
website|coaching|projects
website|coaching|session_audit_log
website|coaching|session_steps
website|coaching|sessions
website|coaching|snippet_clusters
website|coaching|snippets
website|coaching|step_templates
website|coaching|template_assignments
website|coaching|templates
website|knowledge|chunks
website|knowledge|collections
website|knowledge|documents
website|platform|hardware_assets
website|platform|software_assets
website|public|admin_shortcuts
website|public|assets
website|public|assistant_conversations
website|public|assistant_first_seen
website|public|assistant_messages
website|public|assistant_nudge_dismissals
website|public|billing_audit_log
website|public|billing_customers
website|public|billing_invoice_documents
website|public|billing_invoice_dunnings
website|public|billing_invoice_line_items
website|public|billing_invoice_payments
website|public|billing_invoices
website|public|billing_nachweis
website|public|billing_quotes
website|public|billing_suppliers
website|public|brands
website|public|brett_rooms
website|public|brett_snapshots
website|public|chat_message_reads
website|public|chat_messages
website|public|chat_room_members
website|public|chat_rooms
website|public|client_notes
website|public|customers
website|public|document_assignments
website|public|document_templates
website|public|eur_bookings
website|public|free_time_windows
website|public|inbox_items
website|public|invoice_counters
website|public|legal_pages
website|public|leistungen_config
website|public|meeting_artifacts
website|public|meeting_insights
website|public|meeting_reminders
website|public|meetings
website|public|message_threads
website|public|messages
website|public|newsletter_campaigns
website|public|newsletter_send_log
website|public|newsletter_subscribers
website|public|onboarding_items
website|public|poll_answers
website|public|polls
website|public|questionnaire_answer_options
website|public|questionnaire_answers
website|public|questionnaire_assignment_scores
website|public|questionnaire_assignments
website|public|questionnaire_dimensions
website|public|questionnaire_questions
website|public|questionnaire_templates
website|public|questionnaire_test_evidence
website|public|questionnaire_test_fixtures
website|public|questionnaire_test_seed_registry
website|public|questionnaire_test_status
website|public|referenzen_config
website|public|service_config
website|public|site_settings
website|public|supplier_invoices
website|public|systemtest_failure_outbox
website|public|systemtest_magic_tokens
website|public|tax_mode_changes
website|public|test_results
website|public|test_runs
website|public|time_entries
website|public|transcript_segments
website|public|transcripts
website|public|vat_id_validations
website|public|web_sessions
website|public|website_custom_sections
website|tickets|pr_events
website|tickets|tags
website|tickets|ticket_activity
website|tickets|ticket_attachments
website|tickets|ticket_comments
website|tickets|ticket_counters
website|tickets|ticket_links
website|tickets|ticket_plans
website|tickets|ticket_tags
website|tickets|ticket_watchers
website|tickets|tickets
