website|arena|_migrations
website|arena|lobbies
website|arena|match_players
website|arena|matches
website|assets|registry
website|bachelorprojekt|features
website|bachelorprojekt|pipeline
website|bachelorprojekt|requirements
website|bachelorprojekt|test_results
website|bugs|bug_tickets
website|coaching|books
website|coaching|drafts
website|coaching|ki_config
website|coaching|projects
website|coaching|session_audit_log
website|coaching|session_steps
website|coaching|sessions
website|coaching|snippet_clusters
website|coaching|snippets
website|coaching|step_templates
website|coaching|template_assignments
website|coaching|templates
website|knowledge|chunks
website|knowledge|collections
website|knowledge|documents
website|platform|hardware_assets
website|platform|software_assets
website|public|brands
website|public|brett_rooms
website|public|brett_snapshots
website|public|chat_message_reads
website|public|chat_messages
website|public|chat_room_members
website|public|chat_rooms
website|public|customers
website|public|document_assignments
website|public|document_templates
website|public|free_time_windows
website|public|inbox_items
website|public|meeting_artifacts
website|public|meeting_insights
website|public|meeting_reminders
website|public|meetings
website|public|message_threads
website|public|messages
website|public|poll_answers
website|public|polls
website|public|service_config
website|public|site_settings
website|public|systemtest_failure_outbox
website|public|test_results
website|public|test_runs
website|public|transcript_segments
website|public|transcripts
website|public|web_sessions
website|tickets|pr_events
website|tickets|tags
website|tickets|ticket_activity
website|tickets|ticket_attachments
website|tickets|ticket_comments
website|tickets|ticket_counters
website|tickets|ticket_links
website|tickets|ticket_plans
website|tickets|ticket_tags
website|tickets|ticket_watchers
website|tickets|tickets
