website|brands
website|brett_rooms
website|brett_snapshots
website|chat_message_reads
website|chat_messages
website|chat_room_members
website|chat_rooms
website|customers
website|document_assignments
website|document_templates
website|free_time_windows
website|inbox_items
website|meeting_artifacts
website|meeting_insights
website|meeting_reminders
website|meetings
website|message_threads
website|messages
website|poll_answers
website|polls
website|service_config
website|site_settings
website|systemtest_failure_outbox
website|test_results
website|test_runs
website|transcript_segments
website|transcripts
website|web_sessions
