website|admin_shortcuts
website|assets
website|assistant_conversations
website|assistant_first_seen
website|assistant_messages
website|assistant_nudge_dismissals
website|billing_audit_log
website|billing_customers
website|billing_invoice_documents
website|billing_invoice_dunnings
website|billing_invoice_line_items
website|billing_invoice_payments
website|billing_invoices
website|billing_nachweis
website|billing_quotes
website|billing_suppliers
website|brands
website|brett_rooms
website|brett_snapshots
website|chat_message_reads
website|chat_messages
website|chat_room_members
website|chat_rooms
website|client_notes
website|customers
website|document_assignments
website|document_templates
website|eur_bookings
website|free_time_windows
website|inbox_items
website|invoice_counters
website|legal_pages
website|leistungen_config
website|meeting_artifacts
website|meeting_insights
website|meeting_reminders
website|meetings
website|message_threads
website|messages
website|newsletter_campaigns
website|newsletter_send_log
website|newsletter_subscribers
website|onboarding_items
website|poll_answers
website|polls
website|questionnaire_answer_options
website|questionnaire_answers
website|questionnaire_assignment_scores
website|questionnaire_assignments
website|questionnaire_dimensions
website|questionnaire_questions
website|questionnaire_templates
website|questionnaire_test_evidence
website|questionnaire_test_fixtures
website|questionnaire_test_seed_registry
website|questionnaire_test_status
website|referenzen_config
website|service_config
website|site_settings
website|supplier_invoices
website|systemtest_failure_outbox
website|systemtest_magic_tokens
website|tax_mode_changes
website|test_results
website|test_runs
website|time_entries
website|transcript_segments
website|transcripts
website|vat_id_validations
website|web_sessions
website|website_custom_sections
