website|arena|match_players|character_id|text
website|bachelorprojekt|features|requirement_id|text
website|bachelorprojekt|pipeline|req_id|text
website|bachelorprojekt|test_results|req_id|text
website|bachelorprojekt|v_latest_tests|req_id|text
website|bachelorprojekt|v_timeline|requirement_id|text
website|bugs|bug_tickets|ticket_id|text
website|coaching|ki_config|organization_id|text
website|coaching|template_assignments|client_id|text
website|coaching|template_assignments|surface_specific_id|text
website|public|chat_messages|sender_id|text
website|public|customers|keycloak_user_id|text
website|public|inbox_items|bug_ticket_id|text
website|public|inbox_items|reference_id|text
website|public|messages|sender_id|text
website|public|test_results|run_id|text
website|public|test_results|test_id|text
website|tickets|tickets|external_id|text
website|tickets|tickets|source_test_id|text
website|tickets|tickets|source_test_run_id|text
